{"cameraMode":{"drawMode":0,"name":"Shaded","section":"Shading Mode"},"sceneLighting":false,"audioPlay":false,"sceneViewState":{"showFog":true,"showMaterialUpdate":true,"showSkybox":true,"showFlares":true,"showImageEffects":true,"showParticleSystems":true},"in2DMode":false,"pivot":{"x":453.510986328125,"y":276.8533020019531,"z":-482.04193115234377},"rotation":{"x":-0.08121447265148163,"y":-0.011364753358066082,"z":0.000926692271605134,"w":-0.9966326355934143},"size":322.6101989746094,"orthographic":false}